交付物,版本,归档时间,交接资料,经验总结
台账 17 CSV,基线 v0.8,2026-08-06,backup/M6_v0.8_backup/,启动组→收尾全生命周期闭环，断链率 0%
需求文档 docs/requirements.md,v1.2（17 项全✅）,2026-08-06,requirements/ 工作目录,IEEE 830 合规；去3改3增4 审视记录完整
设计文档 docs/design.md,v3.8,2026-08-06,含 §9 七变更项设计 + ADR-001~007,设计先行验证铁律贯穿 M2~M5
架构决策记录 docs/ADR.md,v1.0,2026-08-06,ADR-001~007,7 变更项均有社区/官方文档依据
运维手册 docs/运维手册.md,v1.0,2026-08-06,含 launchd 受限结论/故障恢复,外部卷 launchd 受 macOS TCC 平台限制，生产用手动进程
评审报告 4 份,需求/审视/架构/投产 v1.0,2026-08-06,评审报告_*.csv,Go-Live 六维评审 PASS
源码 src/server.py + gateway.py + scripts/,M3 终态,2026-08-06,入口: venv/bin/python src/server.py --config,无明文 Key；熔断/重试/热加载/指标/429/快照 7 变更落地
测试集 8 套件 41 用例,ALL PASS,2026-08-06,tests/ + 测试汇总_M4_集成回归.csv,统一调度 run_all_tests.py；单元24+集成回归17
备份 backup/,v0.1~v0.8,2026-08-06,backup/ 每里程碑快照,各里程碑固化 + git 提交
