需求评审报告 — 评审摘要,
,
项目,内容
评审对象,"docs/requirements.md + 实际代码实现（src/gateway.py, server.py, agent.py, config/*.yaml）"
评审依据,IEEE Std 830-1998、ISO/IEC/IEEE 29148:2018、ISO/IEC 25010:2011、OWASP API Security Top 10
评审日期,2026-08-02
评审人,需求分析师（DevProjectTeamSkill）
评审结论,❌ 不通过
严重缺陷数,8
主要缺陷数,12
次要缺陷数,6
缺陷总数,26
,
结论说明,内容
,1. 需求文档不符合 IEEE 830 标准，缺少标准结构和验收标准
,2. 需求文档与实际代码实现存在系统性脱节（提供商清单、端口、Agent层）
,3. 存在 3 个严重安全漏洞：API Key 明文存储、管理端点无认证、Agent 任意代码执行
,4. 无需求追溯矩阵，需求-代码-测试链条断裂
,5. 非功能需求缺少量化指标，无法验证
,6. 建议按 P0→P1→P2→P3 优先级整改，整改完成后重新评审
