原则名称,检查项,检查结果,说明
范围合规,需求是否覆盖项目范围基准全部内容,❌ 不通过,需求文档列出的提供商与实际配置不一致，存在范围偏差
范围合规,是否存在范围蔓延（未定义的功能实现）,❌ 不通过,src/agent.py 实现了完整的 Agent 层但需求文档中无对应需求
范围合规,是否存在范围缩水（已定义需求未实现）,⚠️ 部分通过,REQ-06 配置热加载、REQ-08 用量追踪准确性等未完全实现
功能逻辑质量,功能需求是否正确反映干系人意图,⚠️ 部分通过,核心网关功能正确，但部分需求描述与实际行为不一致
功能逻辑质量,功能需求是否完备（无遗漏）,❌ 不通过,缺少降级策略、Rate Limiting、健康检查深度等关键功能需求
功能逻辑质量,功能需求间是否一致（无矛盾）,✅ 通过,已定义的功能需求间无明显逻辑矛盾
功能逻辑质量,功能需求是否可验证,❌ 不通过,无验收标准，无法判断需求是否达成
功能逻辑质量,业务流程是否闭环,⚠️ 部分通过,正常流程闭环，异常流程（全部失败）缺少降级处理
工程规范,SRS 是否符合 IEEE 830 结构规范,❌ 不通过,当前为 Markdown 简表，缺少 IEEE 830 规定的标准章节结构
工程规范,需求编号是否规范,❌ 不通过,REQ-01~17 无维度分类，不符合 REQ-<维度>-<模块>-<序号> 规范
工程规范,术语使用是否统一,⚠️ 部分通过,基本统一，但'提供商/Provider'混用、'实例/服务'概念边界模糊
工程规范,是否存在需求追溯矩阵,❌ 不通过,无需求-代码-测试追溯矩阵，追溯链条断裂
工程规范,需求是否标注优先级,✅ 通过,已使用 P0/P1/P2 优先级标注
风险安全,安全需求是否完备,❌ 不通过,缺少认证、授权、Rate Limiting、输入校验、沙箱隔离等安全需求
风险安全,威胁建模是否覆盖,❌ 不通过,无 STRIDE 威胁建模，未识别 RCE、信息泄露等威胁
风险安全,合规要求是否满足,❌ 不通过,API Key 明文存储违反安全合规基本要求
风险安全,密钥管理是否规范,❌ 不通过,API Key 直接写入配置文件并提交 Git，无密钥轮换机制
范围跟踪,需求条目与实际配置是否逐条匹配,❌ 不通过,需求文档 11 个提供商 vs 实际配置 7 个提供商，完全不一致
范围跟踪,是否存在范围缩水,❌ 不通过,需求文档列出的硅基流动、NVIDIA Nemotron 等提供商实际不存在
范围跟踪,是否存在范围蔓延,❌ 不通过,实际配置中的 DeepSeek V4 Flash 未在需求文档中定义
范围跟踪,变更是否经审批,❌ 不通过,v1.0~v3.2 多次变更无审批记录
